CR No.,Values
201627,3
259499,2
216596,2
279678,2
264984,2
280312,2
227843,2
205881,2
228628,2
176989,2
257155,2
241200,2
257706,2
198639,2
224997,2
276467,2
276029,2
267021,2
276963,2
181968,2
191484,2
268955,2
276802,2
200311,2
265811,2
225451,2
207567,2
220088,2
261168,2
223474,2
228805,2
199995,2
220933,2
226569,2
258199,2
211798,2
222975,2
226779,2
227879,2
228143,2
245839,2
241550,2
276253,2
232325,2
223401,2
225752,2
241080,2
242218,2
194724,2
185803,2
236439,2
212483,2
237832,2
253497,2
266022,2
270213,2
270938,2
242257,2
230229,2
192150,2
241920,2
230478,2
273327,2
276098,2
210826,2
260854,2
192382,2
180321,2
179994,2
176273,2
172649,2
274219,2
269523,2
272091,2
270395,2
266325,2
196836,2
213982,2
238118,2
173208,2
173607,2
179520,2
200283,2
205353,2
213233,2
215232,2
190637,2
167964,2
168303,2
261817,2
254041,2
259202,2
257877,2
264163,2
265631,2
244232,2
255101,2
255261,2
264532,2
218169,2
230509,2
263730,2
263717,2
201661,2
211562,2
260400,2
204497,2
211028,2
263878,2
248260,2
251731,2
218641,2
262923,2
260021,2
265154,2
259680,2
265369,2
265466,2
264750,2
265614,2
251219,2
251241,2
251254,2
251409,2
251376,2
252811,2
253299,2
255229,2
255375,2
255893,2
256359,2
255104,2
258993,2
259289,2
259269,2
268621,2
263761,2
261429,2
196962,2
212107,2
269386,2
224693,2
204547,2
177463,2
223477,2
237475,2
260801,2
263592,2
246631,2
241242,2
248525,2
195674,2
209671,2
265107,2
262754,2
268485,2
262641,2
199095,2
263342,2
262090,2
204932,2
203670,2
262523,2
262457,2
204525,2
252005,1
252149,1
252113,1
252109,1
252028,1
252166,1
251634,1
251930,1
251687,1
251676,1
251902,1
251893,1
251808,1
251799,1
251686,1
251768,1
251725,1
251914,1
251485,1
251517,1
250742,1
250453,1
250471,1
250499,1
250513,1
250524,1
250525,1
250562,1
250689,1
250691,1
250707,1
250711,1
250721,1
250737,1
250744,1
252188,1
250788,1
250819,1
250987,1
251032,1
251038,1
251090,1
251202,1
251243,1
251246,1
251286,1
251438,1
251442,1
251474,1
252186,1
247408,1
252259,1
253467,1
252971,1
253036,1
253107,1
253131,1
253157,1
253179,1
253252,1
253398,1
253427,1
253454,1
253480,1
252942,1
253483,1
253499,1
253508,1
253604,1
253606,1
253636,1
253645,1
253667,1
253670,1
253727,1
252949,1
252894,1
252260,1
252459,1
252270,1
252293,1
252326,1
252342,1
252360,1
252362,1
252408,1
252423,1
252445,1
252447,1
252552,1
252862,1
252570,1
252597,1
252650,1
252665,1
252691,1
250439,1
252705,1
252710,1
252746,1
252758,1
250441,1
249005,1
250435,1
247953,1
246927,1
247881,1
246875,1
246874,1
246865,1
253770,1
247888,1
247918,1
247926,1
247941,1
247969,1
247028,1
247973,1
247978,1
248009,1
248034,1
248130,1
248224,1
248239,1
248253,1
248372,1
248408,1
246983,1
247830,1
248547,1
247643,1
247368,1
247359,1
247433,1
247298,1
247510,1
247520,1
247546,1
247577,1
247245,1
247611,1
247661,1
247815,1
247675,1
247688,1
247699,1
247723,1
247773,1
247209,1
247788,1
247793,1
247169,1
247802,1
248486,1
248562,1
250398,1
249966,1
249627,1
249662,1
249675,1
249692,1
249700,1
249731,1
249756,1
249801,1
249841,1
249859,1
249991,1
249582,1
250061,1
250114,1
250141,1
250198,1
250199,1
250214,1
250232,1
250253,1
250275,1
250366,1
249590,1
249575,1
248575,1
248950,1
248623,1
248635,1
248701,1
248704,1
248712,1
248813,1
248822,1
248838,1
248868,1
248920,1
248956,1
249499,1
248989,1
248990,1
247392,1
249061,1
249208,1
249244,1
249280,1
249341,1
249381,1
249419,1
253728,1
256340,1
253803,1
259376,1
258860,1
258908,1
258920,1
258935,1
258945,1
259036,1
259090,1
259203,1
259204,1
259215,1
259419,1
258747,1
259502,1
259507,1
259559,1
259564,1
259698,1
259708,1
259738,1
259743,1
259806,1
259852,1
258810,1
258723,1
259947,1
257961,1
257536,1
257538,1
257559,1
257627,1
257650,1
257794,1
257804,1
257872,1
257897,1
257906,1
257963,1
258715,1
258045,1
258110,1
258314,1
258315,1
258425,1
258480,1
258493,1
258568,1
258593,1
258639,1
259920,1
260019,1
257509,1
261498,1
261260,1
261270,1
261349,1
261357,1
261359,1
261382,1
261425,1
261463,1
261471,1
261481,1
261511,1
261198,1
261548,1
261640,1
261705,1
261743,1
261857,1
261870,1
261929,1
261978,1
262000,1
262030,1
261219,1
261187,1
260041,1
260558,1
260047,1
260059,1
260090,1
260300,1
260304,1
260356,1
260396,1
260481,1
260494,1
260508,1
260637,1
261112,1
260680,1
260738,1
260852,1
260853,1
260901,1
260915,1
260929,1
260959,1
260961,1
261070,1
257516,1
257508,1
253806,1
255125,1
254562,1
254603,1
254730,1
254738,1
254763,1
254898,1
254925,1
254946,1
255074,1
255100,1
255146,1
254518,1
255159,1
255172,1
255201,1
255221,1
255232,1
255259,1
255280,1
255323,1
255333,1
255352,1
254542,1
254454,1
255493,1
254243,1
253846,1
253865,1
253891,1
253912,1
253950,1
254072,1
254081,1
254165,1
254174,1
254183,1
254270,1
254439,1
254304,1
254322,1
254329,1
254334,1
254347,1
254408,1
254412,1
254414,1
254421,1
254436,1
255397,1
255535,1
257490,1
256766,1
256298,1
246854,1
256401,1
256450,1
256532,1
256586,1
256621,1
256641,1
256654,1
256744,1
256898,1
256275,1
256934,1
256978,1
256990,1
257003,1
257102,1
257116,1
257198,1
257383,1
257427,1
257486,1
256295,1
256274,1
255605,1
255949,1
255644,1
255652,1
255697,1
255725,1
255730,1
255754,1
255821,1
255840,1
255898,1
255941,1
256003,1
256256,1
256010,1
256030,1
256045,1
256052,1
256054,1
256061,1
256115,1
256121,1
256150,1
256214,1
246856,1
244330,1
246821,1
239067,1
238733,1
238759,1
238784,1
238855,1
238901,1
238904,1
238908,1
238911,1
238931,1
239039,1
239119,1
238719,1
239122,1
239170,1
239178,1
239179,1
239199,1
239212,1
239320,1
239383,1
239393,1
239394,1
238731,1
238602,1
239444,1
238167,1
237836,1
237885,1
237924,1
237937,1
237982,1
238020,1
238102,1
238103,1
238109,1
238128,1
238189,1
238597,1
238213,1
238278,1
238336,1
238403,1
238425,1
238430,1
238466,1
238468,1
238565,1
238577,1
239414,1
239523,1
237751,1
240681,1
240321,1
240339,1
240349,1
240370,1
240400,1
240422,1
240426,1
240494,1
240544,1
240595,1
240717,1
240288,1
240745,1
240804,1
240805,1
240842,1
240851,1
240856,1
240919,1
240956,1
240989,1
241071,1
240296,1
240283,1
239561,1
239748,1
239569,1
239579,1
239580,1
239644,1
239652,1
239675,1
239687,1
239689,1
239715,1
239731,1
239846,1
240260,1
239885,1
239938,1
239979,1
240004,1
240021,1
240127,1
240133,1
240211,1
240237,1
240247,1
237792,1
237710,1
241145,1
235738,1
235426,1
235445,1
235503,1
235526,1
235537,1
235592,1
235598,1
235615,1
235620,1
235734,1
235768,1
235255,1
235783,1
235794,1
235797,1
235799,1
235806,1
235808,1
235816,1
235831,1
235840,1
235852,1
235339,1
235238,1
235880,1
234756,1
234654,1
234669,1
234671,1
234685,1
234704,1
234708,1
234718,1
234721,1
234736,1
234746,1
234800,1
235227,1
234832,1
234897,1
235038,1
235040,1
235141,1
235145,1
235165,1
235197,1
235208,1
235219,1
235863,1
235892,1
237705,1
237176,1
236751,1
236773,1
236784,1
236790,1
236884,1
236897,1
236899,1
236994,1
237020,1
237060,1
237205,1
236734,1
237225,1
237316,1
237320,1
237344,1
237359,1
237424,1
237443,1
237473,1
237553,1
237576,1
236747,1
236730,1
235922,1
236289,1
235944,1
235954,1
235980,1
235985,1
236019,1
236120,1
236150,1
236172,1
236215,1
236237,1
236297,1
236666,1
236360,1
236397,1
236446,1
236461,1
236490,1
236529,1
236574,1
236576,1
236620,1
236631,1
241074,1
241147,1
246805,1
244884,1
244568,1
244581,1
244585,1
244600,1
244607,1
244699,1
244715,1
244771,1
244811,1
244853,1
244896,1
244516,1
244899,1
244954,1
244967,1
244978,1
244989,1
244991,1
244997,1
245018,1
245025,1
245050,1
244524,1
244456,1
245088,1
244083,1
243705,1
243886,1
243921,1
243933,1
243938,1
243952,1
243982,1
243989,1
244025,1
244072,1
244127,1
244429,1
244194,1
244207,1
244226,1
244264,1
244290,1
244317,1
244327,1
262201,1
244370,1
244422,1
245060,1
245106,1
243596,1
246348,1
246118,1
246120,1
246140,1
246200,1
246226,1
246261,1
246275,1
246277,1
246303,1
246321,1
246366,1
246102,1
246465,1
246502,1
246542,1
246548,1
246632,1
246674,1
246715,1
246725,1
246744,1
246747,1
246103,1
246076,1
245206,1
245421,1
245225,1
245237,1
245240,1
245264,1
245273,1
245333,1
245334,1
245350,1
245405,1
245409,1
245431,1
246075,1
245515,1
245631,1
245670,1
245736,1
245836,1
245891,1
245931,1
245967,1
246049,1
246058,1
243700,1
243561,1
241154,1
241944,1
241689,1
241712,1
241757,1
241762,1
241772,1
241792,1
241803,1
241822,1
241887,1
241915,1
241978,1
241649,1
241996,1
242041,1
242062,1
242091,1
242102,1
242125,1
242186,1
242275,1
242293,1
242306,1
241682,1
241620,1
242336,1
241361,1
241160,1
241168,1
241183,1
241194,1
241234,1
241241,1
241247,1
241263,1
241329,1
241344,1
241372,1
241603,1
241381,1
241383,1
241410,1
241423,1
241447,1
241465,1
241526,1
241561,1
241565,1
241594,1
242311,1
242339,1
243560,1
243296,1
243167,1
243176,1
243191,1
243213,1
243236,1
243239,1
243241,1
243244,1
243246,1
243286,1
243342,1
243085,1
243367,1
243379,1
243383,1
243406,1
243424,1
243431,1
243483,1
243495,1
243547,1
243548,1
243096,1
243033,1
242343,1
242677,1
242353,1
242375,1
242388,1
242469,1
242471,1
242504,1
242505,1
242545,1
242637,1
242665,1
242682,1
243028,1
242750,1
242757,1
242838,1
242899,1
242909,1
242928,1
243011,1
243016,1
243017,1
243022,1
262168,1
265757,1
262220,1
192112,1
257586,1
233780,1
134028,1
218297,1
209609,1
214941,1
214260,1
127106,1
195578,1
194730,1
272145,1
244356,1
272334,1
271820,1
269011,1
266324,1
263842,1
263030,1
258500,1
260845,1
260014,1
257462,1
242942,1
249231,1
255882,1
279904,1
279735,1
279740,1
279753,1
279761,1
279793,1
279828,1
279838,1
279866,1
279867,1
279872,1
279967,1
254406,1
279976,1
279981,1
280000,1
280001,1
280080,1
280125,1
COV27,1
273652,1
257780,1
255466,1
256710,1
253199,1
279657,1
138264,1
186618,1
187887,1
188504,1
189742,1
191872,1
134668,1
135961,1
137591,1
137976,1
138122,1
140009,1
230084,1
142369,1
151647,1
152134,1
153575,1
154781,1
165088,1
167172,1
168163,1
169929,1
172967,1
201252,1
194783,1
253947,1
220686,1
245804,1
123494,1
194098,1
246884,1
154534,1
173584,1
191161,1
192476,1
195262,1
204588,1
222008,1
189162,1
229916,1
235343,1
235664,1
240411,1
161301,1
176386,1
176650,1
181348,1
183199,1
185896,1
279720,1
279598,1
179640,1
277805,1
277443,1
277469,1
277475,1
277506,1
277579,1
277644,1
277702,1
277717,1
277765,1
277787,1
277820,1
277428,1
277838,1
277874,1
277935,1
277944,1
277955,1
278014,1
278016,1
278025,1
278093,1
278123,1
277430,1
277315,1
278156,1
276742,1
276424,1
276430,1
276440,1
276461,1
276558,1
276562,1
276617,1
276619,1
276621,1
276666,1
276785,1
277261,1
276817,1
276926,1
276956,1
276987,1
276995,1
277024,1
277056,1
277059,1
277089,1
277251,1
278142,1
278188,1
279592,1
279340,1
279071,1
279092,1
279142,1
279175,1
279179,1
279192,1
279194,1
279205,1
279281,1
279299,1
279367,1
278995,1
279413,1
279417,1
279420,1
279479,1
279498,1
279504,1
279537,1
279550,1
279583,1
279585,1
279070,1
278963,1
278251,1
278535,1
278274,1
278279,1
278290,1
278331,1
278359,1
278362,1
278407,1
278412,1
278478,1
278508,1
278592,1
278962,1
278602,1
278603,1
278622,1
278635,1
278642,1
278673,1
278683,1
278760,1
278849,1
278892,1
177171,1
182740,1
276347,1
233856,1
187890,1
191024,1
194526,1
194552,1
194765,1
195017,1
190367,1
193264,1
213310,1
214511,1
226629,1
177596,1
245342,1
245479,1
247867,1
270211,1
217658,1
273990,1
263637,1
275600,1
275481,1
195332,1
195022,1
256501,1
277169,1
173497,1
229554,1
232354,1
183497,1
179352,1
177870,1
161735,1
168861,1
169920,1
172449,1
172762,1
173512,1
181739,1
179715,1
184299,1
191865,1
192435,1
194491,1
202722,1
255468,1
184194,1
178427,1
171009,1
275835,1
278189,1
211752,1
281498,1
285627,1
285961,1
285652,1
285669,1
285672,1
281552,1
281475,1
281365,1
282009,1
281972,1
282597,1
286252,1
282282,1
282305,1
281906,1
280355,1
284501,1
281553,1
284349,1
284905,1
283119,1
282460,1
286287,1
286170,1
275941,1
281503,1
273512,1
279695,1
280243,1
280677,1
281056,1
282453,1
282423,1
283112,1
282474,1
282638,1
284543,1
285800,1
284701,1
283431,1
284774,1
284553,1
284536,1
284921,1
280586,1
173880,1
282360,1
286060,1
213002,1
236463,1
183525,1
137764,1
193339,1
190072,1
191372,1
191803,1
192903,1
125748,1
130059,1
130846,1
132699,1
137159,1
138473,1
195409,1
138799,1
140684,1
141152,1
145165,1
145843,1
154247,1
167902,1
173367,1
178364,1
180107,1
212337,1
191365,1
182251,1
195347,1
183565,1
183731,1
183786,1
186615,1
178027,1
189669,1
190789,1
191270,1
191686,1
192537,1
233365,1
191278,1
156625,1
170994,1
171704,1
173643,1
179682,1
180118,1
185043,1
185122,1
187853,1
190057,1
180826,1
182365,1
281448,1
276047,1
191950,1
193908,1
194478,1
171068,1
168948,1
252806,1
274546,1
276010,1
275885,1
275741,1
184056,1
114501,1
275523,1
277727,1
278354,1
278344,1
278669,1
273665,1
279857,1
280107,1
280303,1
280931,1
191096,1
188940,1
184660,1
188173,1
186182,1
186513,1
178659,1
170835,1
177590,1
187754,1
184736,1
202525,1
189394,1
184138,1
239816,1
188505,1
191601,1
186079,1
215425,1
190606,1
272513,1
273458,1
167054,1
184805,1
165425,1
187100,1
276387,1
276342,1
262223,1
267369,1
267061,1
267064,1
267071,1
267078,1
267097,1
267109,1
267167,1
267188,1
267189,1
267192,1
267383,1
267028,1
267529,1
267552,1
267554,1
267593,1
267604,1
267652,1
267656,1
267707,1
267736,1
267790,1
267043,1
267006,1
267852,1
266667,1
266459,1
266461,1
266462,1
266492,1
266521,1
266543,1
266544,1
266559,1
266631,1
266661,1
266671,1
266986,1
266682,1
266685,1
266746,1
266761,1
266828,1
266831,1
266835,1
266883,1
266972,1
266977,1
267825,1
267864,1
266436,1
269183,1
269018,1
269028,1
269035,1
269052,1
269064,1
269090,1
269141,1
269151,1
269172,1
269176,1
269203,1
268832,1
269279,1
269281,1
269292,1
269340,1
269356,1
269429,1
269451,1
269456,1
269469,1
269480,1
268894,1
268804,1
267888,1
268305,1
267901,1
267922,1
267937,1
267988,1
267989,1
268093,1
268101,1
268179,1
268206,1
268296,1
268326,1
268770,1
268353,1
268428,1
268559,1
268585,1
268590,1
268615,1
268662,1
268668,1
268691,1
268711,1
266439,1
266418,1
269527,1
263964,1
263284,1
263383,1
263403,1
263442,1
263534,1
263631,1
263703,1
263819,1
263914,1
263935,1
264051,1
263257,1
264060,1
264160,1
264181,1
264257,1
264336,1
264359,1
264370,1
264423,1
264442,1
264470,1
263271,1
263199,1
264561,1
262649,1
262251,1
262258,1
262303,1
262327,1
262384,1
262431,1
262470,1
262500,1
262578,1
262589,1
262658,1
263082,1
262660,1
262687,1
262724,1
262857,1
262874,1
262905,1
262956,1
263057,1
263060,1
263066,1
264494,1
264571,1
266346,1
266041,1
265747,1
234587,1
265761,1
265806,1
265920,1
265944,1
265960,1
265983,1
265986,1
266015,1
266090,1
265628,1
266148,1
266161,1
266206,1
266208,1
266209,1
266211,1
266265,1
266269,1
266301,1
266312,1
265732,1
265596,1
264615,1
265132,1
264681,1
264714,1
264721,1
264742,1
264759,1
264940,1
265019,1
265026,1
265037,1
265106,1
265228,1
265581,1
265286,1
265298,1
265300,1
265314,1
265328,1
265400,1
265402,1
265445,1
265455,1
265553,1
269498,1
269539,1
276322,1
274125,1
273699,1
273776,1
273794,1
273803,1
273876,1
273901,1
274003,1
274083,1
274114,1
274123,1
274177,1
273639,1
274184,1
274278,1
274312,1
274379,1
274414,1
274447,1
274462,1
274464,1
274495,1
274507,1
273642,1
273630,1
274625,1
273074,1
272817,1
272855,1
272890,1
272891,1
272914,1
272918,1
272931,1
272933,1
272939,1
273065,1
273099,1
273554,1
273135,1
273166,1
273168,1
273234,1
273299,1
273367,1
273390,1
273392,1
273420,1
273508,1
274577,1
274632,1
272795,1
275860,1
275530,1
275548,1
275569,1
275627,1
275689,1
275701,1
275794,1
275806,1
275811,1
275814,1
275865,1
275483,1
275890,1
275975,1
275984,1
276026,1
276045,1
276105,1
276203,1
276240,1
276267,1
276311,1
275492,1
275480,1
274638,1
274882,1
274648,1
274689,1
274694,1
274708,1
274763,1
274782,1
274815,1
274832,1
274851,1
274858,1
274903,1
275468,1
274938,1
274976,1
274978,1
275009,1
275134,1
275168,1
275239,1
275285,1
275319,1
275467,1
272811,1
272739,1
269571,1
271014,1
270686,1
270722,1
270854,1
270934,1
270962,1
270979,1
270988,1
271002,1
271007,1
271012,1
271027,1
270602,1
271089,1
271095,1
271109,1
271123,1
271143,1
271146,1
271162,1
271177,1
271186,1
271191,1
270613,1
270583,1
271208,1
270170,1
269582,1
269613,1
269677,1
269685,1
269729,1
269810,1
269882,1
269944,1
270009,1
270073,1
270234,1
270574,1
270277,1
270300,1
270315,1
270332,1
270352,1
270425,1
270438,1
270444,1
270539,1
270551,1
271204,1
271238,1
272681,1
272234,1
272049,1
272058,1
272062,1
272117,1
272124,1
272129,1
272149,1
272156,1
272180,1
272190,1
272236,1
271993,1
272245,1
272379,1
272411,1
272532,1
272546,1
272555,1
272578,1
272579,1
272603,1
272621,1
272026,1
271980,1
271268,1
271621,1
271269,1
271301,1
271341,1
271406,1
271432,1
271472,1
271474,1
271573,1
271601,1
271608,1
271703,1
271972,1
271727,1
271757,1
271831,1
271904,1
271907,1
271916,1
271921,1
271927,1
271947,1
271948,1
234642,1
232424,1
234582,1
206603,1
206394,1
206401,1
206423,1
206455,1
206466,1
206467,1
206480,1
206486,1
206490,1
206584,1
206619,1
206354,1
206638,1
206641,1
206663,1
206735,1
206766,1
206770,1
206786,1
206798,1
206819,1
206834,1
206382,1
206348,1
206871,1
206037,1
205919,1
205925,1
205932,1
205933,1
205960,1
205972,1
205978,1
205991,1
206005,1
206019,1
206086,1
206333,1
206131,1
206135,1
206156,1
206177,1
206191,1
206203,1
206221,1
206302,1
206317,1
206331,1
206853,1
206877,1
205836,1
207494,1
207383,1
207388,1
207421,1
207427,1
207441,1
207446,1
207451,1
207453,1
207454,1
207492,1
207499,1
207327,1
207565,1
207592,1
207682,1
207759,1
207764,1
207768,1
207791,1
207804,1
207821,1
207822,1
207361,1
207325,1
206909,1
207111,1
206977,1
206984,1
206996,1
207009,1
207036,1
207055,1
207071,1
207084,1
207091,1
207110,1
207126,1
207292,1
207145,1
207174,1
207194,1
207199,1
207222,1
207233,1
207266,1
207267,1
207283,1
207287,1
205860,1
205829,1
207838,1
204515,1
204377,1
204389,1
204438,1
204450,1
204457,1
204465,1
204473,1
204480,1
204485,1
204499,1
204568,1
204308,1
204683,1
204685,1
204701,1
204733,1
204756,1
204800,1
204806,1
204810,1
204844,1
204868,1
204357,1
204298,1
204898,1
203878,1
203618,1
203662,1
203759,1
203768,1
203769,1
203778,1
203828,1
203852,1
203858,1
203864,1
203909,1
204259,1
203966,1
203973,1
204011,1
204031,1
204058,1
204060,1
204061,1
204068,1
204133,1
204157,1
204872,1
204907,1
205816,1
205574,1
205398,1
205413,1
205438,1
205444,1
205452,1
205457,1
205498,1
205501,1
205514,1
205535,1
205646,1
205383,1
205654,1
205677,1
205695,1
205697,1
205733,1
205736,1
205740,1
205763,1
205770,1
205786,1
205388,1
205378,1
204909,1
205096,1
204918,1
204941,1
204948,1
204987,1
205007,1
205036,1
205063,1
205070,1
205083,1
205089,1
205174,1
205316,1
205188,1
205201,1
205205,1
205206,1
205214,1
205225,1
205238,1
205239,1
205305,1
205308,1
207835,1
207850,1
203560,1
211185,1
210864,1
210889,1
210908,1
210911,1
210945,1
210997,1
211026,1
211087,1
211108,1
211112,1
211190,1
210810,1
211232,1
211237,1
211275,1
211318,1
211360,1
211384,1
211413,1
211417,1
211430,1
211483,1
210814,1
210793,1
211559,1
210438,1
210245,1
210248,1
210251,1
210294,1
210332,1
210337,1
210353,1
210364,1
210405,1
210406,1
210443,1
210772,1
210463,1
210468,1
210477,1
210484,1
210634,1
210665,1
210671,1
210688,1
210704,1
210748,1
211516,1
211566,1
210092,1
212325,1
212154,1
212159,1
212224,1
212234,1
212242,1
212250,1
212253,1
212262,1
212285,1
212295,1
212374,1
212126,1
212383,1
212416,1
212434,1
212463,1
212487,1
212545,1
212562,1
212606,1
212628,1
212636,1
212144,1
212115,1
211571,1
211718,1
211574,1
211576,1
211580,1
211621,1
211629,1
211673,1
211676,1
211682,1
211701,1
211704,1
211768,1
212087,1
211780,1
211806,1
211866,1
211875,1
211907,1
211991,1
212009,1
212025,1
212031,1
212042,1
210118,1
210024,1
207851,1
208752,1
208538,1
208575,1
208619,1
208640,1
208645,1
208674,1
208693,1
208696,1
208700,1
208710,1
208823,1
208503,1
208860,1
208868,1
208878,1
208903,1
208906,1
208943,1
208951,1
208966,1
208979,1
208991,1
208510,1
208494,1
209015,1
208077,1
207872,1
207892,1
207962,1
207973,1
207986,1
207987,1
207989,1
207996,1
208055,1
208069,1
208080,1
208376,1
208085,1
208096,1
208104,1
208163,1
208170,1
208186,1
208232,1
208258,1
208284,1
208364,1
209006,1
209097,1
210019,1
209828,1
209659,1
209674,1
209715,1
209738,1
209745,1
209781,1
209791,1
209793,1
209794,1
209796,1
209884,1
209644,1
209889,1
209903,1
209919,1
209921,1
209962,1
209963,1
209991,1
209999,1
210008,1
210009,1
209645,1
209637,1
209099,1
209233,1
209102,1
209117,1
209159,1
209172,1
209176,1
209177,1
209184,1
209188,1
209203,1
209206,1
209391,1
209634,1
209395,1
209425,1
209446,1
209476,1
209488,1
209505,1
209518,1
209528,1
209557,1
209598,1
203570,1
203510,1
212657,1
197765,1
197563,1
197564,1
197586,1
197603,1
197636,1
197645,1
197653,1
197661,1
197690,1
197747,1
197815,1
197484,1
197853,1
197857,1
197875,1
197896,1
197959,1
197999,1
198010,1
198057,1
198061,1
198079,1
197519,1
197474,1
198090,1
197196,1
196906,1
196925,1
196926,1
196942,1
197017,1
197034,1
197094,1
197141,1
197153,1
197165,1
197204,1
197459,1
197261,1
197307,1
197353,1
197360,1
197362,1
197370,1
197390,1
197396,1
197413,1
197420,1
198082,1
198105,1
196870,1
198834,1
198708,1
198732,1
198735,1
198741,1
198754,1
198761,1
198766,1
198806,1
198807,1
198826,1
198845,1
198699,1
198855,1
198894,1
198913,1
198921,1
198929,1
198962,1
198973,1
198992,1
199032,1
199078,1
198706,1
198696,1
198138,1
198390,1
198159,1
198192,1
198215,1
198229,1
198239,1
198273,1
198295,1
198322,1
198361,1
198376,1
198428,1
198692,1
198466,1
198490,1
198495,1
198560,1
198573,1
198619,1
198620,1
198657,1
198659,1
198679,1
196892,1
196863,1
199115,1
195612,1
239337,1
270228,1
260022,1
279018,1
280993,1
281814,1
174013,1
EXT72132,1
EXT71709,1
195607,1
195615,1
253756,1
195627,1
195630,1
195646,1
195666,1
195670,1
195671,1
195700,1
195737,1
195747,1
195789,1
268073,1
247929,1
195815,1
194418,1
185531,1
178105,1
235508,1
229220,1
179065,1
193828,1
247536,1
204524,1
184783,1
171876,1
185878,1
158646,1
243283,1
204137,1
268442,1
191810,1
146145,1
250542,1
EXT69318,1
EXT55512,1
EXT59051,1
EXT60088,1
195805,1
195834,1
196781,1
196558,1
196352,1
196399,1
196407,1
196408,1
196443,1
196452,1
196481,1
196501,1
196544,1
196556,1
196581,1
196334,1
196605,1
196627,1
196631,1
196666,1
196668,1
196696,1
196754,1
196763,1
196768,1
196776,1
196341,1
196313,1
195866,1
196059,1
195879,1
195938,1
195939,1
195942,1
195969,1
196017,1
196019,1
196023,1
196044,1
196054,1
196082,1
196297,1
196116,1
196132,1
196133,1
196173,1
196181,1
196218,1
196220,1
196225,1
196235,1
196287,1
199109,1
199125,1
203485,1
202133,1
201865,1
201866,1
201870,1
201901,1
201903,1
201906,1
201925,1
201952,1
201955,1
202054,1
202146,1
201855,1
202201,1
202224,1
202250,1
202252,1
202257,1
202268,1
202297,1
202321,1
ES,1
202394,1
201860,1
201734,1
202412,1
201416,1
201311,1
201316,1
201319,1
201343,1
201345,1
201356,1
201371,1
201384,1
201387,1
201411,1
201426,1
201689,1
201446,1
201453,1
201467,1
201505,1
201541,1
201550,1
201553,1
201565,1
201654,1
201673,1
202409,1
202451,1
201256,1
203273,1
203139,1
203141,1
203156,1
203167,1
203171,1
203174,1
203204,1
203235,1
203265,1
203271,1
203276,1
203006,1
203284,1
203301,1
203306,1
203317,1
203345,1
203347,1
203382,1
203406,1
203407,1
203413,1
203099,1
203003,1
202459,1
202810,1
202491,1
202507,1
202517,1
202544,1
202559,1
202628,1
202651,1
202736,1
202766,1
202795,1
202814,1
203002,1
202830,1
202861,1
202874,1
202912,1
202928,1
202934,1
202935,1
202936,1
202952,1
202969,1
201283,1
201241,1
199131,1
199830,1
199661,1
199695,1
199721,1
199723,1
199734,1
199765,1
199803,1
199815,1
199821,1
199822,1
199836,1
199649,1
199859,1
199862,1
199872,1
199876,1
199927,1
199940,1
199967,1
199990,1
200017,1
200079,1
199660,1
199639,1
200122,1
199351,1
199136,1
199140,1
199151,1
199169,1
199172,1
199193,1
199202,1
199214,1
199269,1
199280,1
199358,1
199572,1
199370,1
199381,1
199421,1
199464,1
199478,1
199482,1
199511,1
199512,1
199552,1
199556,1
200098,1
200152,1
201211,1
200978,1
200651,1
200666,1
200771,1
200822,1
200830,1
200860,1
200879,1
200884,1
200921,1
200940,1
200988,1
200630,1
201041,1
201048,1
201056,1
201069,1
201082,1
201083,1
201114,1
201131,1
201160,1
201202,1
200633,1
200615,1
200177,1
200400,1
200179,1
200196,1
200227,1
200247,1
200259,1
200266,1
200276,1
200306,1
200338,1
200345,1
200439,1
200610,1
200462,1
200490,1
200495,1
200510,1
200524,1
200540,1
200545,1
200546,1
200573,1
200588,1
212648,1
212668,1
234576,1
226451,1
226246,1
226282,1
226297,1
226349,1
226351,1
226370,1
226416,1
226417,1
226425,1
226426,1
226510,1
226228,1
226604,1
226619,1
226620,1
226647,1
226654,1
226661,1
226672,1
226690,1
226749,1
226755,1
226237,1
226227,1
226775,1
225970,1
225656,1
225694,1
225741,1
225763,1
225779,1
225785,1
225798,1
225799,1
225847,1
225848,1
225996,1
226201,1
226009,1
226035,1
226078,1
226101,1
226137,1
226138,1
226144,1
226146,1
226153,1
226171,1
226771,1
226840,1
225598,1
228095,1
227514,1
227550,1
227552,1
227555,1
227606,1
227671,1
227751,1
227804,1
227948,1
228032,1
228108,1
227477,1
228131,1
228194,1
228196,1
228235,1
228237,1
228272,1
228324,1
228402,1
228405,1
228411,1
227492,1
227472,1
226843,1
227066,1
226859,1
226870,1
226872,1
226903,1
226922,1
226933,1
226946,1
227001,1
227014,1
227031,1
227069,1
227455,1
227136,1
227150,1
227151,1
227227,1
227255,1
227266,1
227292,1
227344,1
227353,1
227354,1
225618,1
225588,1
228469,1
224034,1
223782,1
223797,1
223845,1
223884,1
223929,1
223976,1
223984,1
223994,1
224006,1
224015,1
224038,1
223622,1
224071,1
224082,1
224098,1
224104,1
224140,1
224149,1
224152,1
224164,1
224175,1
224196,1
223710,1
223602,1
224201,1
223332,1
223028,1
223048,1
223078,1
223096,1
223099,1
223161,1
223190,1
223215,1
223222,1
223231,1
223375,1
223571,1
223377,1
223390,1
223446,1
223466,1
223485,1
223488,1
223509,1
223516,1
223540,1
223556,1
224200,1
224215,1
225579,1
225270,1
225058,1
225062,1
225067,1
225085,1
225092,1
225105,1
225143,1
225175,1
225176,1
225222,1
225273,1
225010,1
225318,1
225351,1
225384,1
225398,1
225455,1
225476,1
225487,1
225506,1
225557,1
225568,1
225040,1
224935,1
224216,1
224651,1
224239,1
224280,1
224286,1
224293,1
224337,1
224354,1
224372,1
224450,1
224548,1
224636,1
224680,1
224918,1
224720,1
224760,1
224799,1
224804,1
224844,1
224845,1
224863,1
224875,1
224901,1
224908,1
228465,1
228470,1
223015,1
232745,1
232511,1
232548,1
232557,1
232592,1
232614,1
232618,1
232660,1
232678,1
232687,1
232741,1
232791,1
232461,1
232800,1
232814,1
232816,1
232820,1
232823,1
233015,1
233042,1
233049,1
233054,1
233081,1
232481,1
232453,1
233219,1
232029,1
231744,1
231747,1
231755,1
231806,1
231886,1
231903,1
231909,1
231959,1
232002,1
232009,1
232034,1
232431,1
232046,1
232060,1
232098,1
232138,1
232243,1
232250,1
232332,1
232357,1
232387,1
232430,1
233162,1
233227,1
231563,1
234350,1
234116,1
234130,1
234132,1
234135,1
234146,1
234155,1
234156,1
234234,1
234306,1
234339,1
234387,1
234078,1
234398,1
234400,1
234455,1
234509,1
234521,1
234522,1
234533,1
234564,1
234565,1
234566,1
234110,1
234064,1
233251,1
233606,1
233274,1
233292,1
233307,1
233356,1
233378,1
233386,1
233452,1
233528,1
233582,1
233603,1
233614,1
234034,1
233619,1
233632,1
233694,1
233753,1
233786,1
233876,1
233973,1
234004,1
234007,1
234030,1
231706,1
231506,1
228510,1
229436,1
229187,1
229196,1
229222,1
229321,1
229322,1
229340,1
229346,1
229349,1
229352,1
229369,1
229459,1
229164,1
229612,1
229703,1
229721,1
229747,1
229811,1
229814,1
229887,1
229939,1
229949,1
229972,1
229182,1
229140,1
229995,1
228801,1
228549,1
228553,1
228572,1
228597,1
228630,1
228670,1
228691,1
228720,1
228728,1
228796,1
228817,1
229121,1
228835,1
228846,1
228895,1
228898,1
228913,1
228941,1
228950,1
228959,1
228981,1
229044,1
229977,1
229997,1
231500,1
231165,1
230855,1
230856,1
230862,1
230868,1
230912,1
230918,1
230921,1
230999,1
231014,1
231072,1
231187,1
230765,1
231205,1
231225,1
231359,1
231378,1
231382,1
231418,1
231439,1
231460,1
231470,1
231485,1
230832,1
230734,1
230017,1
230494,1
230067,1
230085,1
230182,1
230203,1
230261,1
230292,1
230329,1
230425,1
230435,1
230484,1
230504,1
230686,1
230508,1
230547,1
230548,1
230558,1
230580,1
230588,1
230620,1
230622,1
230655,1
230685,1
223020,1
223003,1
212669,1
216255,1
216018,1
216041,1
216080,1
216091,1
216097,1
216146,1
216150,1
216174,1
216216,1
216224,1
216273,1
215914,1
216300,1
216308,1
216310,1
216349,1
216360,1
216363,1
216374,1
216375,1
216396,1
216418,1
216011,1
215911,1
216424,1
215658,1
215380,1
215384,1
215405,1
215432,1
215484,1
215496,1
215513,1
215515,1
215632,1
215633,1
215700,1
215835,1
215747,1
215750,1
215758,1
215771,1
215782,1
215784,1
215797,1
215802,1
215815,1
215826,1
216419,1
216469,1
215320,1
217352,1
217106,1
217124,1
217154,1
217182,1
217198,1
217245,1
217263,1
217264,1
217280,1
217349,1
217378,1
217067,1
217422,1
217427,1
217435,1
217437,1
217453,1
217510,1
217534,1
217632,1
217645,1
217661,1
217082,1
217053,1
216502,1
216738,1
216538,1
216545,1
216603,1
216612,1
216656,1
216661,1
216691,1
216707,1
216712,1
216732,1
216811,1
217005,1
216818,1
216820,1
216826,1
216840,1
216841,1
216866,1
216894,1
216902,1
216936,1
216962,1
215350,1
215289,1
217742,1
213648,1
213340,1
213359,1
213406,1
213419,1
213448,1
213463,1
213479,1
213541,1
213553,1
213606,1
213746,1
213275,1
213757,1
213795,1
213809,1
213812,1
213827,1
213830,1
213855,1
213868,1
213896,1
214029,1
213307,1
213270,1
214140,1
212989,1
212842,1
212866,1
212876,1
212892,1
212893,1
212894,1
212896,1
212904,1
212907,1
212950,1
213007,1
213230,1
213067,1
213069,1
213072,1
213125,1
213143,1
213157,1
213164,1
213167,1
213183,1
213189,1
214091,1
214141,1
215286,1
215015,1
214805,1
214843,1
214901,1
214919,1
214921,1
214944,1
214953,1
214964,1
214965,1
214985,1
215103,1
214798,1
215111,1
215116,1
215121,1
215131,1
215151,1
215167,1
215181,1
215259,1
215269,1
215277,1
214800,1
214789,1
214153,1
214352,1
214176,1
214186,1
214214,1
214216,1
214251,1
214303,1
214309,1
214316,1
214327,1
214334,1
214390,1
214763,1
214422,1
214525,1
214538,1
214560,1
214607,1
214670,1
214674,1
214691,1
214720,1
214747,1
217701,1
217777,1
222963,1
221053,1
220907,1
220934,1
220966,1
220982,1
220989,1
221002,1
221007,1
221018,1
221039,1
221048,1
221062,1
220805,1
221094,1
221109,1
221111,1
221168,1
221176,1
221259,1
221281,1
221285,1
221296,1
221309,1
220826,1
220793,1
221359,1
220402,1
220201,1
220204,1
220210,1
220232,1
220273,1
220286,1
220287,1
220323,1
220344,1
220380,1
220502,1
220774,1
220530,1
220535,1
220614,1
220616,1
220646,1
220669,1
220670,1
220736,1
220757,1
220758,1
221336,1
221424,1
220199,1
222637,1
222191,1
222266,1
222287,1
222293,1
222300,1
222387,1
222520,1
222547,1
222565,1
222595,1
222649,1
222169,1
222715,1
222721,1
222749,1
222803,1
222817,1
222838,1
222873,1
222882,1
222936,1
222940,1
222184,1
222167,1
221445,1
221712,1
221464,1
221520,1
221552,1
221577,1
221578,1
221583,1
221588,1
221598,1
221628,1
221701,1
221715,1
222156,1
221739,1
221825,1
221861,1
221872,1
221920,1
221940,1
221989,1
222068,1
222090,1
222110,1
220200,1
220147,1
217792,1
218789,1
218584,1
218586,1
218602,1
218607,1
218642,1
218643,1
218665,1
218675,1
218739,1
218782,1
218827,1
218535,1
218828,1
218848,1
218870,1
218882,1
218900,1
218973,1
219024,1
219040,1
219048,1
219060,1
218579,1
218516,1
219090,1
218023,1
217793,1
217808,1
217820,1
217898,1
217916,1
217933,1
217936,1
217971,1
217984,1
217985,1
218043,1
218446,1
218105,1
218143,1
218176,1
218276,1
218306,1
218311,1
218366,1
218383,1
218397,1
218416,1
219067,1
219097,1
220134,1
219816,1
219667,1
219670,1
219682,1
219702,1
219712,1
219735,1
219736,1
219759,1
219788,1
219789,1
219850,1
219613,1
219867,1
219914,1
219960,1
219984,1
219989,1
219996,1
220000,1
220006,1
220041,1
220045,1
219664,1
219604,1
219102,1
219395,1
219125,1
219162,1
219186,1
219206,1
219239,1
219318,1
219319,1
219361,1
219386,1
219391,1
219399,1
219592,1
219421,1
219439,1
219458,1
219467,1
219473,1
219519,1
219526,1
219543,1
219573,1
219577,1
281716,1
Null values,0
